product_id,name,short_description,categoria
9840811,Bandeja Prato Retangular - Descartável - 5 Unidades,Bandeja Prato Retangular - Descartável - 5 Unidade,padrao_novo
9814477,Boleira Desmontável G 28x22cm – Sustentável e Reutilizável,"Boleira desmontável grande, ideal para bolos maior",padrao_novo
9814449,Boleira Desmontável M 20x16cm – Sustentável e Reutilizável,"Boleira desmontável média, resistente e sustentáve",padrao_novo
9814474,Boleira Desmontável P 12x10cm – Sustentável e Reutilizável,"Boleira desmontável pequena, resistente e ecológic",padrao_novo
9838886,Canudo de Papel Listrado 197mm – Pacote com 12 Unidades,"Canudos de papel biodegradável, resistentes e com ",padrao_novo
9882911,Vela Pick - Prata - N1,Vela Pick para bolo com visual moderno. Vela Pick ,padrao_novo
9882937,Prato de Papel Coração Vermelho,Prato de papel descartável para festas: Prato de P,padrao_novo
9834079,Colher Eco Madeira Estampada – 10 Unidades,Colher Eco Madeira Estampada – 10 Unidades. Talher,padrao_novo
9834099,Colher Sobremesa Eco Madeira Estampada – 10 Unidades,Colher Sobremesa Eco Madeira Estampada – 10 Unidad,padrao_novo
9908878,Copo de Papel Liso 270ml – Pacote com 10 Unidades,,padrao_novo
9864638,Copo de Papel Poá Amarelo 270ml – 10 Unidades,Copo de papel poá amarelo 270ml. Ideal para festas,padrao_novo
9864656,Copo de Papel Poá Azul 270ml – 10 Unidades,"Copo de papel poá Azul 270ml. Ideal para festas, a",padrao_novo
9864661,Copo de Papel Poá Azul Marinho 270ml – 10 Unidades,Copo de papel poá Azul Marinho 270ml. Ideal para f,padrao_novo
9864659,Copo de Papel Poá Rosa 270ml – 10 Unidades,"Copo de papel poá rosa 270ml. Ideal para festas, a",padrao_novo
9864631,Copo de Papel Poá Vermelho 270ml – 10 Unidades,Copo de papel poá vermelho 270ml. Ideal para festa,padrao_novo
9864671,Copo de Papel Xadrez Amarelo 270ml – 10 Unidades,Copo de papel xadrez amarelo 270ml. Ideal para fes,padrao_novo
9864667,Copo de Papel Xadrez Azul 270ml – 10 Unidades,Copo de papel xadrez azul 270ml. Ideal para festas,padrao_novo
9864669,Copo de Papel Xadrez Verde 270ml – 10 Unidades,Copo de papel xadrez verde 270ml. Ideal para festa,padrao_novo
9864666,Copo de Papel Xadrez Vermelho 270ml – 10 Unidades,Copo de papel xadrez vermelho 270ml. Ideal para fe,padrao_novo
9882921,Prato de Papel Liso - Vermelho,Prato de papel descartável para festas: Prato de P,padrao_novo
9833627,Cortina Metalizada Decorativa 100x200cm,Cortina Metalizada Decorativa 100x200cm. Cortina m,padrao_novo
9834059,Faca Eco Madeira Estampada – 10 Unidades,Faca Eco Madeira Estampada – 10 Unidades. Talheres,padrao_novo
9882955,Vela Pick - Branca - N3,Vela Pick para bolo com visual moderno. Vela Pick ,padrao_novo
9834037,Garfo Eco Madeira Estampado – 10 Unidades,Garfo Eco Madeira Estampado – 10 Unidades. Talhere,padrao_novo
9882954,Prato de Papel Halloween Morcegos,Prato de papel descartável para festas: Prato de P,padrao_novo
9882931,Prato de Papel Happy Birthday - Colorido,Prato de papel descartável para festas: Prato de P,padrao_novo
9868542,Guardanapo de Papel Liso 33x33cm – 20 Unidades,"Guardanapo de papel liso 33x33cm, folha dupla. Ide",padrao_novo
9868513,Guardanapo de Papel Xadrez Verde 33x33cm – 20 Unidades,"Guardanapo de papel xadrez verde 33x33cm, folha du",padrao_novo
9868563,Guardanapo de Papel Listrado 33x33cm  – 20 Unidades,"Guardanapo de papel listrado 33x33cm, folha dupla.",padrao_novo
9868536,Guardanapo de Papel Xadrez Amarelo 33x33cm – 20 Unidades,"Guardanapo de papel xadrez amarelo 33x33cm, folha ",padrao_novo
9868526,Guardanapo de Papel Xadrez Azul 33x33cm – 20 Unidades,"Guardanapo de papel xadrez azul 33x33cm, folha dup",padrao_novo
9868530,Guardanapo de Papel Xadrez Vermelho 33x33cm – 20 Unidades,"Guardanapo de papel xadrez vermelho 33x33cm, folha",padrao_novo
9908923,Kit Festa Rosa Bebê – Básico (Linha Liso),,padrao_novo
9840809,Lança Confete Colorido 30cm,Lança Confete Colorido 30cm. Tubo com confetes col,padrao_novo
9907906,Leque de Papel Decorativo – Kit com 6 Unidades,Leque de papel decorativo com 6 unidades em tamanh,padrao_novo
9868108,Prato de Papel Poá - Amarelo - 18cm - 10 Unidades,Prato de papel poá amarelo 18cm. Ideal para festas,padrao_novo
9868125,Prato de Papel Poá - Azul Claro - 18cm - 10 Unidades,Prato de papel poá azul claro 18cm. Ideal para fes,padrao_novo
9868224,Prato de Papel Poá - Azul Marinho - 18cm - 10 Unidades,Prato de papel poá azul marinho 18cm. Ideal para f,padrao_novo
9868192,Prato de Papel Poá - Rosa - 18cm - 10 Unidades,Prato de papel poá rosa claro 18cm. Ideal para fes,padrao_novo
9864673,Prato de Papel Poá - Vermelho - 18cm - 10 Unidades,Prato de papel poá vermelho 18cm. Ideal para festa,padrao_novo
9868337,Prato de Papel Xadrez Amarelo - 18cm - 10 Unidades,Prato de papel xadrez amarelo 18cm. Ideal para fes,padrao_novo
9868313,Prato de Papel Xadrez Azul - 18cm - 10 Unidades,Prato de papel xadrez azul 18cm. Ideal para festas,padrao_novo
9868325,Prato de Papel Xadrez Verde - 18cm - 10 Unidades,Prato de papel xadrez verde 18cm. Ideal para festa,padrao_novo
9868287,Prato de Papel Xadrez Vermelho - 18cm - 10 Unidades,Prato de papel xadrez vermelho 18cm. Ideal para fe,padrao_novo
9883203,Prato de Papel Craft - Borda Dourada,Prato de papel descartável para festas: Prato de P,padrao_novo
9883206,Prato de Papel Estrelas Douradas,Prato de papel descartável para festas: Prato de P,padrao_novo
9883191,Prato de Papel Festa Neon,Prato de papel descartável para festas: Prato de P,padrao_novo
9883177,Prato de Papel Happy Birthday - Rosa Bebê,Prato de papel descartável para festas: Prato de P,padrao_novo
9883185,Prato de Papel Liso - Azul,Prato de papel descartável para festas: Prato de P,padrao_novo
9883184,Prato de Papel Liso - Azul Bebê,Prato de papel descartável para festas: Prato de P,padrao_novo
9883188,Prato de Papel Liso - Azul Piscina,Prato de papel descartável para festas: Prato de P,padrao_novo
9882959,Prato de Papel Liso - Branco,Prato de papel descartável para festas: Prato de P,padrao_novo
9883179,Prato de Papel Liso - Dourado,Prato de papel descartável para festas: Prato de P,padrao_novo
9883180,Prato de Papel Liso - Prata,Prato de papel descartável para festas: Prato de P,padrao_novo
9883187,Prato de Papel Liso - Preto,Prato de papel descartável para festas: Prato de P,padrao_novo
9883186,Prato de Papel Liso - 18cm - Pacote com 10 Unidades,Prato de papel descartável para festas: Prato de P,padrao_novo
9883190,Prato de Papel Liso - Verde Bandeira,Prato de papel descartável para festas: Prato de P,padrao_novo
9883189,Prato de Papel Liso - Verde Limao,Prato de papel descartável para festas: Prato de P,padrao_novo
9882952,Prato de Papel Listrado Azul Bebê,Prato de papel descartável para festas: Prato de P,padrao_novo
9883181,Prato de Papel Listras Degrade Dourado,Prato de papel descartável para festas: Prato de P,padrao_novo
9883183,Prato de Papel Poá - Amarelo,Prato de papel descartável para festas: Prato de P,padrao_novo
9883176,Prato de Papel Poá - Dourado,Prato de papel descartável para festas: Prato de P,padrao_novo
9883182,Prato de Papel Poá - Vermelho - 18cm - 10 Unidades,Prato de papel descartável para festas: Prato de P,padrao_novo
9883178,Prato de Papel Xadrez Bronze,Prato de papel descartável para festas: Prato de P,padrao_novo
9838980,Toalha de Mesa Metalizada 137 x 183 cm,Toalha de mesa metalizada com acabamento brilhante,padrao_novo
9838991,Toalha de Mesa Metalizada 137 x 274 cm,Toalha de mesa metalizada 137 x 274 cm. Ideal para,padrao_novo
9883288,Vela Espiral Big - Neon,Vela Espiral Big para bolo com visual marcante. Ve,padrao_novo
9882940,Vela Design - Branco - N0,Vela Design para bolo com visual moderno. Vela Des,padrao_novo
9883305,Vela Design - Branco - N1,Vela Design para bolo com visual moderno. Vela Des,padrao_novo
9882973,Vela Design - Branco - N3,Vela Design para bolo com visual moderno. Vela Des,padrao_novo
9883306,Vela Design - Branco - N6,Vela Design para bolo com visual moderno. Vela Des,padrao_novo
9883307,Vela Design - Branco - N8,Vela Design para bolo com visual moderno. Vela Des,padrao_novo
9883308,Vela Design - Branco - N9,Vela Design para bolo com visual moderno. Vela Des,padrao_novo
9883381,Vela Design Parabéns - Candy Color,Vela Design Parabéns para bolo com visual moderno.,padrao_novo
9883382,Vela Design Parabéns - Preta,Vela Design Parabéns para bolo com visual moderno.,padrao_novo
9883309,Vela Design - Prata - N0,Vela Design para bolo com visual moderno. Vela Des,padrao_novo
9883310,Vela Design - Prata - N2,Vela Design para bolo com visual moderno. Vela Des,padrao_novo
9883311,Vela Design - Prata - N3,Vela Design para bolo com visual moderno. Vela Des,padrao_novo
9883312,Vela Design - Prata - N4,Vela Design para bolo com visual moderno. Vela Des,padrao_novo
9883313,Vela Design - Prata - N6,Vela Design para bolo com visual moderno. Vela Des,padrao_novo
9883314,Vela Design - Prata - N7,Vela Design para bolo com visual moderno. Vela Des,padrao_novo
9883315,Vela Design - Prata - N8,Vela Design para bolo com visual moderno. Vela Des,padrao_novo
9882930,Vela Design - Prata - N?,Vela Design para bolo com visual moderno. Vela Des,padrao_novo
9883331,Vela Dourada Glitter - N1,Vela Dourada Glitter para bolo com visual elegante,padrao_novo
9882950,Vela Dourada Glitter - N2,Vela Dourada Glitter para bolo com visual elegante,padrao_novo
9883332,Vela Dourada Glitter - N4,Vela Dourada Glitter para bolo com visual elegante,padrao_novo
9883333,Vela Dourada Glitter - N5,Vela Dourada Glitter para bolo com visual elegante,padrao_novo
9883334,Vela Dourada Glitter - N6,Vela Dourada Glitter para bolo com visual elegante,padrao_novo
9883335,Vela Dourada Glitter - N7,Vela Dourada Glitter para bolo com visual elegante,padrao_novo
9883336,Vela Dourada Glitter - N8,Vela Dourada Glitter para bolo com visual elegante,padrao_novo
9864158,Vela Espiral - Branca,"Vela espiral branca para bolo. Clássica, elegante ",padrao_novo
9863864,Vela Espiral - Colorida,Vela espiral colorida para bolo. Ideal para aniver,padrao_novo
9883284,Vela Espiral - Dourada,Vela Espiral para bolo com visual clássico. Vela E,padrao_novo
9883285,Vela Espiral - Prateada,Vela Espiral para bolo com visual clássico. Vela E,padrao_novo
9883287,Vela Espiral - Rose,Vela Espiral para bolo com visual clássico. Vela E,padrao_novo
9882914,Vela Espiral - Coloridas Metálicas,Vela Espiral para bolo com visual clássico. Vela E,padrao_novo
9864164,Vela Metalizada Torcida - Branca - 15 cm,Vela metalizada torcida branca 15 cm para bolo. So,padrao_novo
9883299,Vela Metalizada Torcida - Dourada - 15 cm,Vela Metalizada Torcida - Dourada - 15 cm. Vela de,padrao_novo
9883297,Vela Metalizada Torcida - Prata - 15 cm,Vela Metalizada Torcida - Prata - 15 cm. Vela deco,padrao_novo
9883298,Vela Metalizada Torcida - Rose Gold - 15 cm,Vela Metalizada Torcida - Rose Gold - 15 cm. Vela ,padrao_novo
9883111,Vela Mickey - N1,Vela Mickey para bolo com tema Disney. Vela Mickey,padrao_novo
9883112,Vela Mickey - N2,Vela Mickey para bolo com tema Disney. Vela Mickey,padrao_novo
9883113,Vela Mickey - N3,Vela Mickey para bolo com tema Disney. Vela Mickey,padrao_novo
9883433,Vela Mini Design - Azul Tiffany - N0,Vela Mini Design para bolo com visual moderno. Vel,padrao_novo
9883413,Vela Mini Design - Amarelo Candy - N0,Vela Mini Design para bolo com visual moderno. Vel,padrao_novo
9883414,Vela Mini Design - Amarelo Candy - N1,Vela Mini Design para bolo com visual moderno. Vel,padrao_novo
9883415,Vela Mini Design - Amarelo Candy - N2,Vela Mini Design para bolo com visual moderno. Vel,padrao_novo
9883416,Vela Mini Design - Amarelo Candy - N3,Vela Mini Design para bolo com visual moderno. Vel,padrao_novo
9883417,Vela Mini Design - Amarelo Candy - N4,Vela Mini Design para bolo com visual moderno. Vel,padrao_novo
9883418,Vela Mini Design - Amarelo Candy - N5,Vela Mini Design para bolo com visual moderno. Vel,padrao_novo
9883419,Vela Mini Design - Amarelo Candy - N6,Vela Mini Design para bolo com visual moderno. Vel,padrao_novo
9883420,Vela Mini Design - Amarelo Candy - N7,Vela Mini Design para bolo com visual moderno. Vel,padrao_novo
9883421,Vela Mini Design - Amarelo Candy - N8,Vela Mini Design para bolo com visual moderno. Vel,padrao_novo
9883422,Vela Mini Design - Amarelo Candy - N9,Vela Mini Design para bolo com visual moderno. Vel,padrao_novo
9825330,Vela Mini Design - Amarelo Candy,Vela Mini Design para bolo com visual moderno. Vel,padrao_novo
9883383,Vela Mini Design - Azul - N0,Vela Mini Design para bolo com visual moderno. Vel,padrao_novo
9883384,Vela Mini Design - Azul - N1,Vela Mini Design para bolo com visual moderno. Vel,padrao_novo
9883385,Vela Mini Design - Azul - N2,Vela Mini Design para bolo com visual moderno. Vel,padrao_novo
9883386,Vela Mini Design - Azul - N3,Vela Mini Design para bolo com visual moderno. Vel,padrao_novo
9883387,Vela Mini Design - Azul - N4,Vela Mini Design para bolo com visual moderno. Vel,padrao_novo
9883388,Vela Mini Design - Azul - N5,Vela Mini Design para bolo com visual moderno. Vel,padrao_novo
9883389,Vela Mini Design - Azul - N6,Vela Mini Design para bolo com visual moderno. Vel,padrao_novo
9883390,Vela Mini Design - Azul - N7,Vela Mini Design para bolo com visual moderno. Vel,padrao_novo
9883391,Vela Mini Design - Azul - N8,Vela Mini Design para bolo com visual moderno. Vel,padrao_novo
9883392,Vela Mini Design - Azul - N9,Vela Mini Design para bolo com visual moderno. Vel,padrao_novo
9883434,Vela Mini Design - Azul Tiffany - N1,Vela Mini Design para bolo com visual moderno. Vel,padrao_novo
9883435,Vela Mini Design - Azul Tiffany - N2,Vela Mini Design para bolo com visual moderno. Vel,padrao_novo
9883436,Vela Mini Design - Azul Tiffany - N3,Vela Mini Design para bolo com visual moderno. Vel,padrao_novo
9883437,Vela Mini Design - Azul Tiffany - N4,Vela Mini Design para bolo com visual moderno. Vel,padrao_novo
9883438,Vela Mini Design - Azul Tiffany - N5,Vela Mini Design para bolo com visual moderno. Vel,padrao_novo
9883439,Vela Mini Design - Azul Tiffany - N6,Vela Mini Design para bolo com visual moderno. Vel,padrao_novo
9883440,Vela Mini Design - Azul Tiffany - N7,Vela Mini Design para bolo com visual moderno. Vel,padrao_novo
9883441,Vela Mini Design - Azul Tiffany - N8,Vela Mini Design para bolo com visual moderno. Vel,padrao_novo
9883442,Vela Mini Design - Azul Tiffany - N9,Vela Mini Design para bolo com visual moderno. Vel,padrao_novo
9825230,Vela Mini Design - Branco,Vela Mini Design para bolo com visual moderno. Vel,padrao_novo
9832758,Vela Mini Design - Bronze,Vela Mini Design para bolo com visual moderno. Vel,padrao_novo
9825554,Vela Mini Design - Dourado,Vela Mini Design para bolo com visual moderno. Vel,padrao_novo
9833055,Vela Mini Design - Laranja - N0,"Vela de número laranja com design moderno, ideal p",padrao_novo
9902650,Vela Mini Design - Laranja - ?,"Vela de número laranja com design moderno, ideal p",padrao_novo
9902632,Vela Mini Design - Laranja - N1,"Vela de número laranja com design moderno, ideal p",padrao_novo
9902637,Vela Mini Design - Laranja - N2,"Vela de número laranja com design moderno, ideal p",padrao_novo
9902638,Vela Mini Design - Laranja - N3,"Vela de número laranja com design moderno, ideal p",padrao_novo
9902639,Vela Mini Design - Laranja - N4,"Vela de número laranja com design moderno, ideal p",padrao_novo
9902642,Vela Mini Design - Laranja - N5,"Vela de número laranja com design moderno, ideal p",padrao_novo
9902643,Vela Mini Design - Laranja - N6,"Vela de número laranja com design moderno, ideal p",padrao_novo
9902645,Vela Mini Design - Laranja - N7,"Vela de número laranja com design moderno, ideal p",padrao_novo
9902647,Vela Mini Design - Laranja - N8,"Vela de número laranja com design moderno, ideal p",padrao_novo
9902648,Vela Mini Design - Laranja - N9,"Vela de número laranja com design moderno, ideal p",padrao_novo
9832929,Vela Mini Design - Lilás,Vela Mini Design para bolo com visual moderno. Vel,padrao_novo
9883423,Vela Mini Design - Rosa Candy - N0,Vela Mini Design para bolo com visual moderno. Vel,padrao_novo
9883424,Vela Mini Design - Rosa Candy - N1,Vela Mini Design para bolo com visual moderno. Vel,padrao_novo
9883425,Vela Mini Design - Rosa Candy - N2,Vela Mini Design para bolo com visual moderno. Vel,padrao_novo
9883426,Vela Mini Design - Rosa Candy - N3,Vela Mini Design para bolo com visual moderno. Vel,padrao_novo
9883427,Vela Mini Design - Rosa Candy - N4,Vela Mini Design para bolo com visual moderno. Vel,padrao_novo
9883428,Vela Mini Design - Rosa Candy - N5,Vela Mini Design para bolo com visual moderno. Vel,padrao_novo
9883429,Vela Mini Design - Rosa Candy - N6,Vela Mini Design para bolo com visual moderno. Vel,padrao_novo
9883430,Vela Mini Design - Rosa Candy - N7,Vela Mini Design para bolo com visual moderno. Vel,padrao_novo
9883431,Vela Mini Design - Rosa Candy - N8,Vela Mini Design para bolo com visual moderno. Vel,padrao_novo
9883432,Vela Mini Design - Rosa Candy - N9,Vela Mini Design para bolo com visual moderno. Vel,padrao_novo
9883403,Vela Mini Design - Rosa - N0,Vela Mini Design para bolo com visual moderno. Vel,padrao_novo
9883404,Vela Mini Design - Rosa - N1,Vela Mini Design para bolo com visual moderno. Vel,padrao_novo
9883405,Vela Mini Design - Rosa - N2,Vela Mini Design para bolo com visual moderno. Vel,padrao_novo
9883406,Vela Mini Design - Rosa - N3,Vela Mini Design para bolo com visual moderno. Vel,padrao_novo
9883407,Vela Mini Design - Rosa - N4,Vela Mini Design para bolo com visual moderno. Vel,padrao_novo
9883408,Vela Mini Design - Rosa - N5,Vela Mini Design para bolo com visual moderno. Vel,padrao_novo
9883409,Vela Mini Design - Rosa - N6,Vela Mini Design para bolo com visual moderno. Vel,padrao_novo
9883410,Vela Mini Design - Rosa - N7,Vela Mini Design para bolo com visual moderno. Vel,padrao_novo
9883411,Vela Mini Design - Rosa - N8,Vela Mini Design para bolo com visual moderno. Vel,padrao_novo
9883412,Vela Mini Design - Rosa - N9,Vela Mini Design para bolo com visual moderno. Vel,padrao_novo
9825131,Vela Mini Design - Verde Candy,Vela Mini Design para bolo com visual moderno. Vel,padrao_novo
9883393,Vela Mini Design - Verde Candy - N0,Vela Mini Design para bolo com visual moderno. Vel,padrao_novo
9883394,Vela Mini Design - Verde Candy - N1,Vela Mini Design para bolo com visual moderno. Vel,padrao_novo
9883395,Vela Mini Design - Verde Candy - N2,Vela Mini Design para bolo com visual moderno. Vel,padrao_novo
9883396,Vela Mini Design - Verde Candy - N3,Vela Mini Design para bolo com visual moderno. Vel,padrao_novo
9883397,Vela Mini Design - Verde Candy - N4,Vela Mini Design para bolo com visual moderno. Vel,padrao_novo
9883398,Vela Mini Design - Verde Candy - N5,Vela Mini Design para bolo com visual moderno. Vel,padrao_novo
9883399,Vela Mini Design - Verde Candy - N6,Vela Mini Design para bolo com visual moderno. Vel,padrao_novo
9883400,Vela Mini Design - Verde Candy - N7,Vela Mini Design para bolo com visual moderno. Vel,padrao_novo
9883401,Vela Mini Design - Verde Candy - N8,Vela Mini Design para bolo com visual moderno. Vel,padrao_novo
9883402,Vela Mini Design - Verde Candy - N9,Vela Mini Design para bolo com visual moderno. Vel,padrao_novo
9882984,Vela Minnie - N1,Vela Minnie para bolo com tema Disney. Vela Minnie,padrao_novo
9883114,Vela Minnie - N2,Vela Minnie para bolo com tema Disney. Vela Minnie,padrao_novo
9883115,Vela Minnie - N3,Vela Minnie para bolo com tema Disney. Vela Minnie,padrao_novo
9839098,Vela Neon Glitter - Azul,Vela decorativa com efeito neon e glitter. Ideal p,padrao_novo
9839108,Vela Neon Glitter - Azul Bebê,Vela decorativa com efeito neon e glitter. Ideal p,padrao_novo
9839125,Vela Neon Glitter - Branco,Vela decorativa com efeito neon e glitter. Ideal p,padrao_novo
9839119,Vela Neon Glitter - Bronze,Vela decorativa com efeito neon e glitter. Ideal p,padrao_novo
9839133,Vela Neon Glitter - Dourado,Vela decorativa com efeito neon e glitter. Ideal p,padrao_novo
9840733,Vela Neon Glitter Parabéns,Vela decorativa com glitter formando a palavra “Pa,padrao_novo
9839141,Vela Neon Glitter - Prata,Vela decorativa com efeito neon e glitter. Ideal p,padrao_novo
9839129,Vela Neon Glitter - Preto,Vela decorativa com efeito neon e glitter. Ideal p,padrao_novo
9839149,Vela Neon Glitter - Rosa Bebê,Vela decorativa com efeito neon e glitter. Ideal p,padrao_novo
9839145,Vela Neon Glitter - Roxo,Vela decorativa com efeito neon e glitter. Ideal p,padrao_novo
9839155,Vela Neon Glitter - Verde,Vela decorativa com efeito neon e glitter. Ideal p,padrao_novo
9902156,Vela Neon Glitter - Vermelho - ?,Vela decorativa com efeito neon e glitter. Ideal p,padrao_novo
9839160,Vela Neon Glitter - Vermelho - N0,Vela decorativa com efeito neon e glitter. Ideal p,padrao_novo
9902048,Vela Neon Glitter - Vermelho - N1,Vela decorativa com efeito neon e glitter. Ideal p,padrao_novo
9902076,Vela Neon Glitter - Vermelho - N2,Vela decorativa com efeito neon e glitter. Ideal p,padrao_novo
9902110,Vela Neon Glitter - Vermelho - N3,Vela decorativa com efeito neon e glitter. Ideal p,padrao_novo
9902114,Vela Neon Glitter - Vermelho - N4,Vela decorativa com efeito neon e glitter. Ideal p,padrao_novo
9902122,Vela Neon Glitter - Vermelho - N5,Vela decorativa com efeito neon e glitter. Ideal p,padrao_novo
9902131,Vela Neon Glitter - Vermelho - N6,Vela decorativa com efeito neon e glitter. Ideal p,padrao_novo
9902139,Vela Neon Glitter - Vermelho - N7,Vela decorativa com efeito neon e glitter. Ideal p,padrao_novo
9902141,Vela Neon Glitter - Vermelho - N8,Vela decorativa com efeito neon e glitter. Ideal p,padrao_novo
9902147,Vela Neon Glitter - Vermelho - N9,Vela decorativa com efeito neon e glitter. Ideal p,padrao_novo
9818958,Vela Mini Design - Azul - N0,Vela Mini Design para bolo com visual moderno. Vel,padrao_novo
9825110,Vela Mini Design - Rosa - N0,Vela Mini Design para bolo com visual moderno. Vel,padrao_novo
9825060,Vela Mini Design - Rosa Bebe - N0,Vela Mini Design para bolo com visual moderno. Vel,padrao_novo
9824917,Vela Mini Design - Prata - N0,Vela Mini Design para bolo com visual moderno. Vel,padrao_novo
9863892,Vela Palito Decorada,Vela palito decorada com combinação de cores. Idea,padrao_novo
9864147,Vela Palito Espiral Branca Metalizada,Vela palito espiral branca metalizada para bolo. E,padrao_novo
9864120,Vela Palito Espiral Candy Color,Vela palito espiral candy color para bolo. Ideal p,padrao_novo
9864133,Vela Palito Espiral Metalizada Candy Color,Vela palito espiral metalizada candy color para bo,padrao_novo
9882936,Vela Pick - Prata - N?,Vela Pick para bolo com visual moderno. Vela Pick ,padrao_novo
9864163,Vela Palito Gigante - Metalizada branca,Vela palito gigante metalizada branca 18 cm. Elegâ,padrao_novo
9864003,Vela Palito Gigante - Neon colorida,Vela palito gigante neon colorida para bolo. Ideal,padrao_novo
9840812,Vela Palito - Lisa Colorida,Vela palito lisa colorida para bolo. Ideal para an,padrao_novo
9882939,Vela Palito Neon Glitter,Vela Palito Neon Glitter. Vela decorativa com efei,padrao_novo
9882943,Vela Parabens Neon,"Vela decorativa para bolo do tipo Parabéns Neon, i",padrao_novo
9882962,Vela Pick - Branca - N2,Vela Pick para bolo com visual moderno. Vela Pick ,padrao_novo
9883322,Vela Pick - Branca - N5,Vela Pick para bolo com visual moderno. Vela Pick ,padrao_novo
9883323,Vela Pick - Branca - N6,Vela Pick para bolo com visual moderno. Vela Pick ,padrao_novo
9883324,Vela Pick - Branca - N7,Vela Pick para bolo com visual moderno. Vela Pick ,padrao_novo
9883325,Vela Pick - Branca - N9,Vela Pick para bolo com visual moderno. Vela Pick ,padrao_novo
9839209,Vela Pick Metalizada - Azul Tifany - N0,Vela pick metalizada com números decorativos. Idea,padrao_novo
9902327,Vela Pick Metalizada - Azul Tifany - ?,Vela pick metalizada com números decorativos. Idea,padrao_novo
9902269,Vela Pick Metalizada - Azul Tifany - N1,Vela pick metalizada com números decorativos. Idea,padrao_novo
9902285,Vela Pick Metalizada - Azul Tifany - N2,Vela pick metalizada com números decorativos. Idea,padrao_novo
9902290,Vela Pick Metalizada - Azul Tifany - N3,Vela pick metalizada com números decorativos. Idea,padrao_novo
9902298,Vela Pick Metalizada - Azul Tifany - N4,Vela pick metalizada com números decorativos. Idea,padrao_novo
9902304,Vela Pick Metalizada - Azul Tifany - N5,Vela pick metalizada com números decorativos. Idea,padrao_novo
9902311,Vela Pick Metalizada - Azul Tifany - N6,Vela pick metalizada com números decorativos. Idea,padrao_novo
9902315,Vela Pick Metalizada - Azul Tifany - N7,Vela pick metalizada com números decorativos. Idea,padrao_novo
9902318,Vela Pick Metalizada - Azul Tifany - N8,Vela pick metalizada com números decorativos. Idea,padrao_novo
9902322,Vela Pick Metalizada - Azul Tifany - N9,Vela pick metalizada com números decorativos. Idea,padrao_novo
9839198,Vela Pick Metalizada - Rosa Candy Color,Vela pick metalizada com números decorativos. Idea,padrao_novo
9882913,Vela Pick - Prata - N0,Vela Pick para bolo com visual moderno. Vela Pick ,padrao_novo
9882958,Vela Pick - Prata - N2,Vela Pick para bolo com visual moderno. Vela Pick ,padrao_novo
9882908,Vela Pick - Prata - N4,Vela Pick para bolo com visual moderno. Vela Pick ,padrao_novo
9883326,Vela Pick - Prata - N5,Vela Pick para bolo com visual moderno. Vela Pick ,padrao_novo
9883327,Vela Pick - Prata - N6,Vela Pick para bolo com visual moderno. Vela Pick ,padrao_novo
9883328,Vela Pick - Prata - N7,Vela Pick para bolo com visual moderno. Vela Pick ,padrao_novo
9883329,Vela Pick - Prata - N8,Vela Pick para bolo com visual moderno. Vela Pick ,padrao_novo
9883330,Vela Pick - Prata - N9,Vela Pick para bolo com visual moderno. Vela Pick ,padrao_novo
9883347,Vela Preta Glitter - N?,"Vela preta com glitter para bolo, perfeita para de",padrao_novo
9883337,Vela Preta Glitter - N0,"Vela preta com glitter para bolo, perfeita para de",padrao_novo
9883338,Vela Preta Glitter - N1,"Vela preta com glitter para bolo, perfeita para de",padrao_novo
9883339,Vela Preta Glitter - N2,"Vela preta com glitter para bolo, perfeita para de",padrao_novo
9883340,Vela Preta Glitter - N3,"Vela preta com glitter para bolo, perfeita para de",padrao_novo
9883341,Vela Preta Glitter - N4,"Vela preta com glitter para bolo, perfeita para de",padrao_novo
9883342,Vela Preta Glitter - N5,"Vela preta com glitter para bolo, perfeita para de",padrao_novo
9883343,Vela Preta Glitter - N6,"Vela preta com glitter para bolo, perfeita para de",padrao_novo
9883344,Vela Preta Glitter - N7,"Vela preta com glitter para bolo, perfeita para de",padrao_novo
9883345,Vela Preta Glitter - N8,"Vela preta com glitter para bolo, perfeita para de",padrao_novo
9883346,Vela Preta Glitter - N9,"Vela preta com glitter para bolo, perfeita para de",padrao_novo
9883321,Vela Rosa Gigante - N?,"Vela rosa gigante para bolo, com número ?, perfeit",padrao_novo
9883316,Vela Rosa Gigante - N2,"Vela rosa gigante para bolo, com número 2, perfeit",padrao_novo
9883317,Vela Rosa Gigante - N3,"Vela rosa gigante para bolo, com número 3, perfeit",padrao_novo
9882953,Vela Rosa Gigante - N0,"Vela rosa gigante para bolo, com número 0, perfeit",padrao_novo
9883318,Vela Rosa Gigante - N7,"Vela rosa gigante para bolo, com número 7, perfeit",padrao_novo
9883319,Vela Rosa Gigante - N8,"Vela rosa gigante para bolo, com número 8, perfeit",padrao_novo
9883320,Vela Rosa Gigante - N9,"Vela rosa gigante para bolo, com número 9, perfeit",padrao_novo
9864154,Vela Tubo - Branca,Vela tubo branca para bolo. Design moderno e elega,padrao_novo
9883292,Vela Vulcão Chá Revelação - Azul,Vela vulcão para chá revelação com efeito especial,padrao_novo
9883293,Vela Vulcão Chá Revelação - Rosa,Vela vulcão para chá revelação com efeito especial,padrao_novo
9864144,Vela Vulcão Chama Branca,Vela vulcão com chama branca. Ideal para criar um ,padrao_novo
9911832,Chapéu de Festa de Papel – Degradê com dourado,"Chapéu de festa em papel degradê, com elástico, id",outros
9911818,Chapéu de Festa de Papel – Liso,"Chapéu de festa em papel liso, com elástico, ideal",outros
9911826,Chapéu de Festa de Papel – Liso Neon,"Chapéu de festa em papel liso neon, com elástico, ",outros
9911836,Chapéu de Festa de Papel – Metalizado,"Chapéu de festa em papel metalizado, com elástico,",outros
9912089,Kit Chá Revelação,,outros
9911936,Vela Vulcão Chá Revelação,"Vela vulcão para chá revelação, com efeito especia",outros
9911924,Vela Vulcão para Festa,"Vela vulcão para festa com efeito especial, ideal ",outros
